[Header],,,,,,,
IEMFileVersion,4,,,,,,
Investigator Name,,,,,,,
Project Name,,,,,,,
Experiment Name,,,,,,,
Date,mm/dd/2014,,,,,,
Workflow,GenerateFASTQ,,,,,,
Application,FASTQ Only,,,,,,
Assay,TruSeq LT,,,,,,
Description,,,,,,,
Chemistry,Default,,,,,,
,,,,,,,
[Reads],,,,,,,
65,,,,,,,
,,,,,,,
[Settings],,,,,,,
,,,,,,,
[Data],,,,,,,
Sample_ID,Sample_Name,Sample_Plate,Sample_Well,I7_Index_ID,index,Sample_Project,Description
TEST1,,,,B001,TCGCAGG,,
TEST2,,,,B006,ATGGAGA,,
TEST3,,,,B011,ATGGAGA,,
TEST4,,,,B016,TAATGCG,,
TEST5,,,,B021,ACGCAAC,,
TEST6,,,,B026,GATGCCA,,